title,company,link
"Software Engineer (Frontend, Backend, Mobile)",Digital Diagnostics Inc.,https://stackoverflow.com/jobs/455208/software-engineer-frontend-backend-mobile-digital-diagnostics-inc?a=2sF5mRDkRvgI&so=i&pg=1&offset=0&total=122&so_medium=Internal&so_source=JobSearch&q=html&r=true
HTML5 SPA Developer,ADASHI Systems,https://stackoverflow.com/jobs/467151/html5-spa-developer-adashi-systems?a=2wFpCP0LxoFa&so=i&pg=1&offset=1&total=122&so_medium=Internal&so_source=JobSearch&q=html&r=true
Front-End Developer (JavaScript/HTML/CSS),Adopt-a-Pet.com,https://stackoverflow.com/jobs/471195/front-end-developer-javascript-html-css-adopt-a-petcom?a=2y1uYVlARFcY&so=i&pg=1&offset=2&total=122&so_medium=Internal&so_source=JobSearch&q=html&r=true
Full-Stack Software Engineer,Unhedged,https://stackoverflow.com/jobs/471179/full-stack-software-engineer-unhedged?a=2y1am4WYSVSU&so=i&pg=1&offset=3&total=122&so_medium=Internal&so_source=JobSearch&q=html&r=true
Senior Frontend Software Engineer,Circle,https://stackoverflow.com/jobs/472183/senior-frontend-software-engineer-circle?a=2ym2FBRq6iWs&so=i&pg=1&offset=4&total=122&so_medium=Internal&so_source=JobSearch&q=html&r=true
Senior Software Engineer (Go specialist),NetData Inc.,https://stackoverflow.com/jobs/408448/senior-software-engineer-go-specialist-netdata-inc?a=2cYOk1t5G4X6&so=i&pg=1&offset=5&total=122&so_medium=Internal&so_source=JobSearch&q=html&r=true
Serverless DevOps Engineer - REMOTE,ParOne,https://stackoverflow.com/jobs/457959/serverless-devops-engineer-remote-parone?a=2tAhGiWQiqf6&so=i&pg=1&offset=6&total=122&so_medium=Internal&so_source=JobSearch&q=html&r=true
Full Stack Engineer - Intermediate ( Remote ),New Context Services,https://stackoverflow.com/jobs/473488/full-stack-engineer-intermediate-remote-new-context-services?a=2yNbbpbctHtm&so=i&pg=1&offset=7&total=122&so_medium=Internal&so_source=JobSearch&q=html&r=true
Software Engineer - JavaScript,Moov Financial,https://stackoverflow.com/jobs/466501/software-engineer-javascript-moov-financial?a=2wrTFJSSCrTi&so=i&pg=1&offset=8&total=122&so_medium=Internal&so_source=JobSearch&q=html&r=true
Senior UI / Front End Developer (100% Remote),Mapleton Hill,https://stackoverflow.com/jobs/32763/senior-ui-front-end-developer-100-remote-mapleton-hill?a=aZeH9nRI5l6&so=i&pg=1&offset=9&total=122&so_medium=Internal&so_source=JobSearch&q=html&r=true
Front-End Developer,KBMax,https://stackoverflow.com/jobs/468520/front-end-developer-kbmax?a=2x7Su0tGa4pO&so=i&pg=1&offset=10&total=122&so_medium=Internal&so_source=JobSearch&q=html&r=true
Senior Software Engineer - JavaScript,Moov Financial,https://stackoverflow.com/jobs/466498/senior-software-engineer-javascript-moov-financial?a=2wrPNXjguW8U&so=i&pg=1&offset=11&total=122&so_medium=Internal&so_source=JobSearch&q=html&r=true
"Senior Software Engineer, Front End","Skuid, Inc.",https://stackoverflow.com/jobs/445854/senior-software-engineer-front-end-skuid-inc?a=2pwAq36Tpela&so=i&pg=1&offset=12&total=122&so_medium=Internal&so_source=JobSearch&q=html&r=true
Front End Engineer,ReCharge Payments,https://stackoverflow.com/jobs/469141/front-end-engineer-recharge-payments?a=2xkN3bnXf4hW&so=i&pg=1&offset=13&total=122&so_medium=Internal&so_source=JobSearch&q=html&r=true
Front-End Developer job - REMOTE,Pentalog,https://stackoverflow.com/jobs/470998/front-end-developer-job-remote-pentalog?a=2xXp18Xyf2py&so=i&pg=1&offset=14&total=122&so_medium=Internal&so_source=JobSearch&q=html&r=true
Flutter Mobile Developer,Curotec,https://stackoverflow.com/jobs/447565/flutter-mobile-developer-curotec?a=2q6aay3TQhnW&so=i&pg=1&offset=15&total=122&so_medium=Internal&so_source=JobSearch&q=html&r=true
Senior Front-End ReactJS Developer,Contrast Security,https://stackoverflow.com/jobs/473474/senior-front-end-reactjs-developer-contrast-security?a=2yMSYqolzFf2&so=i&pg=1&offset=16&total=122&so_medium=Internal&so_source=JobSearch&q=html&r=true
Engineering Team Lead - with a passion for building fun and effective teams,Simplero,https://stackoverflow.com/jobs/458254/engineering-team-lead-with-a-passion-for-simplero?a=2tGpZ0LDxM9a&so=i&pg=1&offset=17&total=122&so_medium=Internal&so_source=JobSearch&q=html&r=true
Senior Java & Web developer (remote),Spider Strategies,https://stackoverflow.com/jobs/434230/senior-java-web-developer-remote-spider-strategies?a=2lCTf4HRh8Ji&so=i&pg=1&offset=18&total=122&so_medium=Internal&so_source=JobSearch&q=html&r=true
Senior Frontend Engineer,"Eezy, LLC",https://stackoverflow.com/jobs/417818/senior-frontend-engineer-eezy-llc?a=2g7DzHvvLN1C&so=i&pg=1&offset=19&total=122&so_medium=Internal&so_source=JobSearch&q=html&r=true
Senior Software Engineer (Frontend),Digital Diagnostics Inc.,https://stackoverflow.com/jobs/455203/senior-software-engineer-frontend-digital-diagnostics-inc?a=2sEYVe0DZEk0&so=i&pg=1&offset=20&total=122&so_medium=Internal&so_source=JobSearch&q=html&r=true
Frontend Engineer,"GridUnity, Inc",https://stackoverflow.com/jobs/400405/frontend-engineer-gridunity-inc?a=2ahzszYlaA0M&so=i&pg=1&offset=21&total=122&so_medium=Internal&so_source=JobSearch&q=html&r=true
Visual Designer,MapLarge,https://stackoverflow.com/jobs/165111/visual-designer-maplarge?a=Tn8ed4UUs0g&so=i&pg=1&offset=22&total=122&so_medium=Internal&so_source=JobSearch&q=html&r=true
Geospatial Developer,"Geographic Information Services, Inc.",https://stackoverflow.com/jobs/22075/geospatial-developer-geographic-information?a=7p0kBDZ3pew&so=i&pg=1&offset=23&total=122&so_medium=Internal&so_source=JobSearch&q=html&r=true
Senior Frontend Engineer,TutorMe,https://stackoverflow.com/jobs/450549/senior-frontend-engineer-tutorme?a=2r6d1a691CeY&so=i&pg=1&offset=24&total=122&so_medium=Internal&so_source=JobSearch&q=html&r=true
Senior Front-End Engineer,Active Theory,https://stackoverflow.com/jobs/450543/senior-front-end-engineer-active-theory?a=2r65rAoeseQM&so=i&pg=2&offset=0&total=122&so_medium=Internal&so_source=JobSearch&q=html&r=true
Principal Software Engineer (Frontend),Digital Diagnostics Inc.,https://stackoverflow.com/jobs/455199/principal-software-engineer-frontend-digital-diagnostics-inc?a=2sETLvUuuXZu&so=i&pg=2&offset=1&total=122&so_medium=Internal&so_source=JobSearch&q=html&r=true
Mid-Level Front-end Responsive Developer,Graphic Language,https://stackoverflow.com/jobs/418286/mid-level-front-end-responsive-developer-graphic-language?a=2ghmTV7qFFK0&so=i&pg=2&offset=2&total=122&so_medium=Internal&so_source=JobSearch&q=html&r=true
Sr. React Product Developer,Dealer Inspire,https://stackoverflow.com/jobs/457619/sr-react-product-developer-dealer-inspire?a=2ttdmQvPeo7e&so=i&pg=2&offset=3&total=122&so_medium=Internal&so_source=JobSearch&q=html&r=true
Full Stack C# .NET Developer,Academica Virtual Education LLC,https://stackoverflow.com/jobs/447558/full-stack-c-sharp-net-developer-academica-virtual-education?a=2q6193o8e5j2&so=i&pg=2&offset=4&total=122&so_medium=Internal&so_source=JobSearch&q=html&r=true
Senior Level Creative WordPress Web Designer/Developer,Jonroc,https://stackoverflow.com/jobs/205178/senior-level-creative-wordpress-web-designer-jonroc?a=16OeW9GpMs6c&so=i&pg=2&offset=5&total=122&so_medium=Internal&so_source=JobSearch&q=html&r=true
Senior Software Engineer,Cie,https://stackoverflow.com/jobs/449510/senior-software-engineer-cie?a=2qKBK9gboURq&so=i&pg=2&offset=6&total=122&so_medium=Internal&so_source=JobSearch&q=html&r=true
AEM Architect,Railroad19,https://stackoverflow.com/jobs/468540/aem-architect-railroad19?a=2x8iqypLj88U&so=i&pg=2&offset=7&total=122&so_medium=Internal&so_source=JobSearch&q=html&r=true
Front-End Wordpress Web Developer,Blacksmith Agency,https://stackoverflow.com/jobs/436336/front-end-wordpress-web-developer-blacksmith-agency?a=2mkGd3XukBX2&so=i&pg=2&offset=8&total=122&so_medium=Internal&so_source=JobSearch&q=html&r=true
Senior Sales Engineer (sales position),OpenCraft,https://stackoverflow.com/jobs/470815/senior-sales-engineer-sales-position-opencraft?a=2xTB6lV2QNLW&so=i&pg=2&offset=9&total=122&so_medium=Internal&so_source=JobSearch&q=html&r=true
Software Engineer - Fullstack - remote (m/f/d),Yelp,https://stackoverflow.com/jobs/463138/software-engineer-fullstack-remote-m-f-d-yelp?a=2vjYetWCNqbm&so=i&pg=2&offset=10&total=122&so_medium=Internal&so_source=JobSearch&q=html&r=true
Software Architect,Decodify.me LLC,https://stackoverflow.com/jobs/443400/software-architect-decodifyme-llc?a=2oHyPbdWimkw&so=i&pg=2&offset=11&total=122&so_medium=Internal&so_source=JobSearch&q=html&r=true
Backend Engineer,Tessian,https://stackoverflow.com/jobs/475360/backend-engineer-tessian?a=2zq6uhCS5ekU&so=i&pg=2&offset=12&total=122&so_medium=Internal&so_source=JobSearch&q=html&r=true
Remote Full Stack Javascript Developer,Verys,https://stackoverflow.com/jobs/473493/remote-full-stack-javascript-developer-verys?a=2yNht3mzFUju&so=i&pg=2&offset=13&total=122&so_medium=Internal&so_source=JobSearch&q=html&r=true
Senior Backend Engineer,Tessian,https://stackoverflow.com/jobs/475363/senior-backend-engineer-tessian?a=2zqam4cucK5i&so=i&pg=2&offset=14&total=122&so_medium=Internal&so_source=JobSearch&q=html&r=true
Senior Backend Software Engineer,"Pie Insurance Holdings, Inc.",https://stackoverflow.com/jobs/466237/senior-backend-software-engineer-pie-insurance-holdings-inc?a=2wmpkNkLXo3e&so=i&pg=2&offset=15&total=122&so_medium=Internal&so_source=JobSearch&q=html&r=true
"Software Engineer, Back-end","Pie Insurance Holdings, Inc.",https://stackoverflow.com/jobs/466239/software-engineer-back-end-pie-insurance-holdings-inc?a=2wmrUEnQHJdu&so=i&pg=2&offset=16&total=122&so_medium=Internal&so_source=JobSearch&q=html&r=true
Senior Full-Stack Engineer,"Made Market, Inc.",https://stackoverflow.com/jobs/456324/senior-full-stack-engineer-made-market-inc?a=2t2hUjSKglu8&so=i&pg=2&offset=17&total=122&so_medium=Internal&so_source=JobSearch&q=html&r=true
Senior Java Developer who wants to make a difference!,O'Reilly Auto Parts,https://stackoverflow.com/jobs/130997/senior-java-developer-who-wants-to-make-a-oreilly-auto-parts?a=HVNSzFPNySs&so=i&pg=2&offset=18&total=122&so_medium=Internal&so_source=JobSearch&q=html&r=true
Senior Software Engineer,uShip,https://stackoverflow.com/jobs/451415/senior-software-engineer-uship?a=2rodqEAiFqSI&so=i&pg=2&offset=19&total=122&so_medium=Internal&so_source=JobSearch&q=html&r=true
Senior Software Engineer,Leverege,https://stackoverflow.com/jobs/468965/senior-software-engineer-leverege?a=2xh89T1dt1Je&so=i&pg=2&offset=20&total=122&so_medium=Internal&so_source=JobSearch&q=html&r=true
Senior Backend Generalist,"Revl, Inc.",https://stackoverflow.com/jobs/199459/senior-backend-generalist-revl-inc?a=14TkoWJh8VyM&so=i&pg=2&offset=21&total=122&so_medium=Internal&so_source=JobSearch&q=html&r=true
Lead NLP Data Scientist,Tessian,https://stackoverflow.com/jobs/475362/lead-nlp-data-scientist-tessian?a=2zq948FWPzva&so=i&pg=2&offset=22&total=122&so_medium=Internal&so_source=JobSearch&q=html&r=true
Frontend Engineer,Vouched,https://stackoverflow.com/jobs/435259/frontend-engineer-vouched?a=2lYhMNJKPMm4&so=i&pg=2&offset=23&total=122&so_medium=Internal&so_source=JobSearch&q=html&r=true
Software Developer (Capital Markets exp.),Compliance Solutions Strategies,https://stackoverflow.com/jobs/471793/software-developer-capital-markets-exp-compliance-solutions?a=2ydW3KCO1nKE&so=i&pg=2&offset=24&total=122&so_medium=Internal&so_source=JobSearch&q=html&r=true
Sr. Frontend Software Engineer,Chaturbate,https://stackoverflow.com/jobs/460874/sr-frontend-software-engineer-chaturbate?a=2uyTJTdgmCZO&so=i&pg=3&offset=0&total=122&so_medium=Internal&so_source=JobSearch&q=html&r=true
"Senior Frontend Software Engineer -- East Bay, Austin, U.S. Remote",Underline,https://stackoverflow.com/jobs/423274/senior-frontend-software-engineer-east-bay-underline?a=2hX5dSSoN4nC&so=i&pg=3&offset=1&total=122&so_medium=Internal&so_source=JobSearch&q=html&r=true
Senior Product Designer,Tessian,https://stackoverflow.com/jobs/475366/senior-product-designer-tessian?a=2zqedQM6kfPG&so=i&pg=3&offset=2&total=122&so_medium=Internal&so_source=JobSearch&q=html&r=true
Mid-Level Software Engineer (Cloud),Total Defense,https://stackoverflow.com/jobs/468077/mid-level-software-engineer-cloud-total-defense?a=2wYFnYZdBsgE&so=i&pg=3&offset=3&total=122&so_medium=Internal&so_source=JobSearch&q=html&r=true
Full Stack Software Engineer (Remote),TMP Worldwide,https://stackoverflow.com/jobs/445283/full-stack-software-engineer-remote-tmp-worldwide?a=2pkIjgrx0LBu&so=i&pg=3&offset=4&total=122&so_medium=Internal&so_source=JobSearch&q=html&r=true
Senior Engineering Manager,Tessian,https://stackoverflow.com/jobs/475364/senior-engineering-manager-tessian?a=2zqbDZJ1zUFq&so=i&pg=3&offset=5&total=122&so_medium=Internal&so_source=JobSearch&q=html&r=true
Senior Fullstack Developer - US Based - Dec 2020,NearForm,https://stackoverflow.com/jobs/465087/senior-fullstack-developer-us-based-dec-2020-nearform?a=2vYuNNNKb5UQ&so=i&pg=3&offset=6&total=122&so_medium=Internal&so_source=JobSearch&q=html&r=true
Senior Software Engineer,"Stott and May Inc.
                        via
Stott and May Inc.",https://stackoverflow.com/jobs/452128/senior-software-engineer-stott-and-may-inc?a=2rD2BbM688mI&so=i&pg=3&offset=7&total=122&so_medium=Internal&so_source=JobSearch&q=html&r=true
"Software Engineer, Web Applications",FiscalNote,https://stackoverflow.com/jobs/462297/software-engineer-web-applications-fiscalnote?a=2v2u3bzVuS6Q&so=i&pg=3&offset=8&total=122&so_medium=Internal&so_source=JobSearch&q=html&r=true
React Native Developer,BairesDev LLC,https://stackoverflow.com/jobs/471598/react-native-developer-bairesdev-llc?a=2y9SvPQwts2Y&so=i&pg=3&offset=9&total=122&so_medium=Internal&so_source=JobSearch&q=html&r=true
Software Engineering Lead,Studio Science,https://stackoverflow.com/jobs/424991/software-engineering-lead-studio-science?a=2iwMHWYDt8Va&so=i&pg=3&offset=10&total=122&so_medium=Internal&so_source=JobSearch&q=html&r=true
.NET Developer,BairesDev LLC,https://stackoverflow.com/jobs/471613/net-developer-bairesdev-llc?a=2yabQKIB50MU&so=i&pg=3&offset=11&total=122&so_medium=Internal&so_source=JobSearch&q=html&r=true
Full Stack Software Engineer - Mobile Healthcare,Medsphere,https://stackoverflow.com/jobs/406291/full-stack-software-engineer-mobile-healthcare-medsphere?a=2cfXrJ0GTfWg&so=i&pg=3&offset=12&total=122&so_medium=Internal&so_source=JobSearch&q=html&r=true
Software Engineer Java Full Stack Must live in Eastern or Central Time Zone USA,"Cardinal Financial Company, LP",https://stackoverflow.com/jobs/350467/software-engineer-java-full-stack-must-live-in-cardinal-financial-company-lp?a=1TxdD7oJYlTG&so=i&pg=3&offset=13&total=122&so_medium=Internal&so_source=JobSearch&q=html&r=true
Senior Software Architect / Engineer who enjoys coding web services in c#,MapLarge,https://stackoverflow.com/jobs/124860/senior-software-architect-engineer-who-enjoys-maplarge?a=FScjxUnh2GA&so=i&pg=3&offset=14&total=122&so_medium=Internal&so_source=JobSearch&q=html&r=true
Ruby On Rails Developer,BairesDev LLC,https://stackoverflow.com/jobs/471597/ruby-on-rails-developer-bairesdev-llc?a=2y9RdUjZ6hsQ&so=i&pg=3&offset=15&total=122&so_medium=Internal&so_source=JobSearch&q=html&r=true
Front-end Developer,Scanifly,https://stackoverflow.com/jobs/458086/front-end-developer-scanifly?a=2tCVp8BcL6fu&so=i&pg=3&offset=16&total=122&so_medium=Internal&so_source=JobSearch&q=html&r=true
Fullstack Engineer,Vouched,https://stackoverflow.com/jobs/435257/fullstack-engineer-vouched?a=2lYfcWGG5rbO&so=i&pg=3&offset=17&total=122&so_medium=Internal&so_source=JobSearch&q=html&r=true
React Developer,BairesDev LLC,https://stackoverflow.com/jobs/471588/react-developer-bairesdev-llc?a=2y9FCyB8JKdG&so=i&pg=3&offset=18&total=122&so_medium=Internal&so_source=JobSearch&q=html&r=true
.Net Sr. Software Developer (full-time remote),Red Wing Shoes,https://stackoverflow.com/jobs/449480/net-sr-software-developer-full-time-remote-red-wing-shoes?a=2qJYUk4Iw9j2&so=i&pg=3&offset=19&total=122&so_medium=Internal&so_source=JobSearch&q=html&r=true
Software Developer III - Remote,"GPM, Corp.",https://stackoverflow.com/jobs/423546/software-developer-iii-remote-gpm-corp?a=2i2K2f4878Xe&so=i&pg=3&offset=20&total=122&so_medium=Internal&so_source=JobSearch&q=html&r=true
Senior API + Frontend Engineer in MedTech,PeerWell Inc.,https://stackoverflow.com/jobs/468515/senior-api-plus-frontend-engineer-in-medtech-peerwell-inc?a=2x7McmiiXRzG&so=i&pg=3&offset=21&total=122&so_medium=Internal&so_source=JobSearch&q=html&r=true
PHP Developer,BairesDev LLC,https://stackoverflow.com/jobs/471602/php-developer-bairesdev-llc?a=2y9XFxWFY8nu&so=i&pg=3&offset=22&total=122&so_medium=Internal&so_source=JobSearch&q=html&r=true
"Full Stack Developer  (NodeJS, React)",Alcumus,https://stackoverflow.com/jobs/474173/full-stack-developer-nodejs-react-alcumus?a=2z1q5YeBNYze&so=i&pg=3&offset=23&total=122&so_medium=Internal&so_source=JobSearch&q=html&r=true
Software Engineer,Formstack,https://stackoverflow.com/jobs/468078/software-engineer-formstack?a=2wYGFUvKYCQM&so=i&pg=3&offset=24&total=122&so_medium=Internal&so_source=JobSearch&q=html&r=true
Sr. Full Stack Software Engineer,Higher Logic,https://stackoverflow.com/jobs/453726/sr-full-stack-software-engineer-higher-logic?a=2sagPPRB0xFu&so=i&pg=4&offset=0&total=122&so_medium=Internal&so_source=JobSearch&q=html&r=true
Frontend Developer (m/w/d),BREDEX GmbH,https://stackoverflow.com/jobs/457632/frontend-developer-m-w-d-bredex-gmbh?a=2ttu7UkP5BGU&so=i&pg=4&offset=1&total=122&so_medium=Internal&so_source=JobSearch&q=html&r=true
Software Developer III - Remote,"GPM, Corp.",https://stackoverflow.com/jobs/423546/software-developer-iii-remote-gpm-corp?a=2i2K2f4878Xe&so=i&pg=4&offset=2&total=122&so_medium=Internal&so_source=JobSearch&q=html&r=true
Senior WebXR Games Engineer,NWR CORP,https://stackoverflow.com/jobs/454917/senior-webxr-games-engineer-nwr-corp?a=2sz23StnrbAA&so=i&pg=4&offset=3&total=122&so_medium=Internal&so_source=JobSearch&q=html&r=true
Full Stack .Net Web Developer,"KiteString Technical Services, formerly LJSA.",https://stackoverflow.com/jobs/472398/full-stack-net-web-developer-kitestring-technical-services?a=2yqw058t7EiI&so=i&pg=4&offset=4&total=122&so_medium=Internal&so_source=JobSearch&q=html&r=true
Expert React Developer,OnePak Inc,https://stackoverflow.com/jobs/467318/expert-react-developer-onepak-inc?a=2wISULEEWTYI&so=i&pg=4&offset=5&total=122&so_medium=Internal&so_source=JobSearch&q=html&r=true
Senior Full Stack Developer (.NET/C#),REPAY,https://stackoverflow.com/jobs/374608/senior-full-stack-developer-net-c-sharp-repay?a=21DbcBRuXXuE&so=i&pg=4&offset=6&total=122&so_medium=Internal&so_source=JobSearch&q=html&r=true
Expert Full Stack Developer,OnePak Inc,https://stackoverflow.com/jobs/450184/expert-full-stack-developer-onepak-inc?a=2qYCtvxFCjxS&so=i&pg=4&offset=7&total=122&so_medium=Internal&so_source=JobSearch&q=html&r=true
Real-Time Software Engineer,Scanline VFX,https://stackoverflow.com/jobs/467155/real-time-software-engineer-scanline-vfx?a=2wFuMx6V24ZG&so=i&pg=4&offset=8&total=122&so_medium=Internal&so_source=JobSearch&q=html&r=true
"Mobile Software Engineer (iOS, Android)",Aloe Care Health,https://stackoverflow.com/jobs/401770/mobile-software-engineer-ios-android-aloe-care-health?a=2aJXa3l6izqU&so=i&pg=4&offset=9&total=122&so_medium=Internal&so_source=JobSearch&q=html&r=true
Sr Software Test Engineer,Redline Automotive Merchandising,https://stackoverflow.com/jobs/468084/sr-software-test-engineer-redline-automotive?a=2wYOptEZdEly&so=i&pg=4&offset=10&total=122&so_medium=Internal&so_source=JobSearch&q=html&r=true
Senior Software Development Engineer,Levelset,https://stackoverflow.com/jobs/469148/senior-software-development-engineer-levelset?a=2xkW4G3IRgmQ&so=i&pg=4&offset=11&total=122&so_medium=Internal&so_source=JobSearch&q=html&r=true
UX Designer,Scientist.com,https://stackoverflow.com/jobs/471353/ux-designer-scientistcom?a=2y4MPvHXAhlS&so=i&pg=4&offset=12&total=122&so_medium=Internal&so_source=JobSearch&q=html&r=true
"Developer / Junior Developer, Tier 2 Support Engineer",OutMatch,https://stackoverflow.com/jobs/457041/developer-junior-developer-tier-2-support-outmatch?a=2thcezaHdJiE&so=i&pg=4&offset=13&total=122&so_medium=Internal&so_source=JobSearch&q=html&r=true
Sr Software Engineer -- Lead,DIGARC,https://stackoverflow.com/jobs/460646/sr-software-engineer-lead-digarc?a=2uu9Em7du41O&so=i&pg=4&offset=14&total=122&so_medium=Internal&so_source=JobSearch&q=html&r=true
SQL Database Developer (C# / .NET),REPAY,https://stackoverflow.com/jobs/469795/sql-database-developer-c-sharp-net-repay?a=2xyojY3jklsQ&so=i&pg=4&offset=15&total=122&so_medium=Internal&so_source=JobSearch&q=html&r=true
Back-End Software Developer - [Remote] - [United States],Crisp,https://stackoverflow.com/jobs/457918/back-end-software-developer-remote-united-crisp?a=2tzqZfS5E4qk&so=i&pg=4&offset=16&total=122&so_medium=Internal&so_source=JobSearch&q=html&r=true
Sr. Full Stack Developer,Ceros,https://stackoverflow.com/jobs/472020/sr-full-stack-developer-ceros?a=2yiExnjGbtXq&so=i&pg=4&offset=17&total=122&so_medium=Internal&so_source=JobSearch&q=html&r=true
Senior Frontend Engineer,"ThreatConnect, Inc.",https://stackoverflow.com/jobs/467785/senior-frontend-engineer-threatconnect-inc?a=2wSAX3K2tC6Y&so=i&pg=4&offset=18&total=122&so_medium=Internal&so_source=JobSearch&q=html&r=true
"Senior .NET Developer - C#, RESTful, Angular, React (Senior, Remote)",TopDevz,https://stackoverflow.com/jobs/467800/senior-net-developer-c-sharp-restful-angular-topdevz?a=2wSUrY3qKOVq&so=i&pg=4&offset=19&total=122&so_medium=Internal&so_source=JobSearch&q=html&r=true
"Full Stack Developer - Java, ElasticSearch, GraphQL and ReactJS",Contrast Security,https://stackoverflow.com/jobs/433598/full-stack-developer-java-elasticsearch-contrast-security?a=2lpKEGsYKUwg&so=i&pg=4&offset=20&total=122&so_medium=Internal&so_source=JobSearch&q=html&r=true
Senior Front End Engineer UI/UX,"GridUnity, Inc",https://stackoverflow.com/jobs/472039/senior-front-end-engineer-ui-ux-gridunity-inc?a=2yj320hUhJ1S&so=i&pg=4&offset=21&total=122&so_medium=Internal&so_source=JobSearch&q=html&r=true
Senior full stack developer,"Parsage, Inc.",https://stackoverflow.com/jobs/287875/senior-full-stack-developer-parsage-inc?a=1yxKt2Z2mVOM&so=i&pg=4&offset=22&total=122&so_medium=Internal&so_source=JobSearch&q=html&r=true
Full Stack Developer (Angular) - Remote or Los Angeles,Urban Insight,https://stackoverflow.com/jobs/471580/full-stack-developer-angular-remote-or-los-urban-insight?a=2y9vj8oPKnyE&so=i&pg=4&offset=23&total=122&so_medium=Internal&so_source=JobSearch&q=html&r=true
Senior Front End Engineer,Primer AI,https://stackoverflow.com/jobs/424344/senior-front-end-engineer-primer-ai?a=2ijkCEqmFHTG&so=i&pg=4&offset=24&total=122&so_medium=Internal&so_source=JobSearch&q=html&r=true
Senior Data Scientist,"Team Go, Inc",https://stackoverflow.com/jobs/460886/senior-data-scientist-team-go-inc?a=2uz9d1vIQFZm&so=i&pg=5&offset=0&total=122&so_medium=Internal&so_source=JobSearch&q=html&r=true
Senior Drupal Developer For Fast-Paced Consulting Company,"Portland Webworks, Inc.",https://stackoverflow.com/jobs/273098/senior-drupal-developer-for-fast-paced-consulting-portland-webworks-inc?a=1tAuzEQMTES4&so=i&pg=5&offset=1&total=122&so_medium=Internal&so_source=JobSearch&q=html&r=true
Senior SRE/DevOps Engineer,SWIMLANE INC,https://stackoverflow.com/jobs/465991/senior-sre-devops-engineer-swimlane-inc?a=2whicyem1oHu&so=i&pg=5&offset=2&total=122&so_medium=Internal&so_source=JobSearch&q=html&r=true
Senior Front End Engineer,Primer AI,https://stackoverflow.com/jobs/424344/senior-front-end-engineer-primer-ai?a=2ijkCEqmFHTG&so=i&pg=5&offset=3&total=122&so_medium=Internal&so_source=JobSearch&q=html&r=true
Senior Web Developer,DVSport,https://stackoverflow.com/jobs/450539/senior-web-developer-dvsport?a=2r607SQLhUpG&so=i&pg=5&offset=4&total=122&so_medium=Internal&so_source=JobSearch&q=html&r=true
Mobile Applications Developer,Market America / Shop.com,https://stackoverflow.com/jobs/447980/mobile-applications-developer-market-america-shopcom?a=2qeNkAiBBLi0&so=i&pg=5&offset=5&total=122&so_medium=Internal&so_source=JobSearch&q=html&r=true
"Database Administrator - DBA, SQL",Solve Advisors Inc.,https://stackoverflow.com/jobs/321886/database-administrator-dba-sql-solve-advisors-inc?a=1JWW27kFZeVi&so=i&pg=5&offset=6&total=122&so_medium=Internal&so_source=JobSearch&q=html&r=true
BI Consultant/Developer – Senior: Home Office-based (US-Canada),Iridium Technology,https://stackoverflow.com/jobs/471181/bi-consultant-developer-senior-home-office-iridium-technology?a=2y1cVW03Dh3a&so=i&pg=5&offset=7&total=122&so_medium=Internal&so_source=JobSearch&q=html&r=true
Software Engineering Manager (Cloud Applications),"Jack Henry & Associates, Inc.®",https://stackoverflow.com/jobs/443597/software-engineering-manager-cloud-applications-jack-henry-associates-inc?a=2oLEWX3iADcs&so=i&pg=5&offset=8&total=122&so_medium=Internal&so_source=JobSearch&q=html&r=true
Ruby on Rails Developer (US or Canada),BiTE interactive,https://stackoverflow.com/jobs/433137/ruby-on-rails-developer-us-or-canada-bite-interactive?a=2lgabY5vNzOg&so=i&pg=5&offset=9&total=122&so_medium=Internal&so_source=JobSearch&q=html&r=true
Senior Frontend Developer,"Stacklet, Inc.",https://stackoverflow.com/jobs/423281/senior-frontend-developer-stacklet-inc?a=2hXefnyapgsw&so=i&pg=5&offset=10&total=122&so_medium=Internal&so_source=JobSearch&q=html&r=true
Data Engineer - Metrics [Remote],TMP Worldwide,https://stackoverflow.com/jobs/459807/data-engineer-metrics-remote-tmp-worldwide?a=2ucI2UNAVR7y&so=i&pg=5&offset=11&total=122&so_medium=Internal&so_source=JobSearch&q=html&r=true
Senior React Native Engineer,Fireside,https://stackoverflow.com/jobs/435460/senior-react-native-engineer-fireside?a=2m2sUidWX5u0&so=i&pg=5&offset=12&total=122&so_medium=Internal&so_source=JobSearch&q=html&r=true
DevOps Engineer,ACA Compliance Group,https://stackoverflow.com/jobs/447579/devops-engineer-aca-compliance-group?a=2q6snwQKKjCg&so=i&pg=5&offset=13&total=122&so_medium=Internal&so_source=JobSearch&q=html&r=true
Identity Systems - Product Manager,Canonical,https://stackoverflow.com/jobs/470410/identity-systems-product-manager-canonical?a=2xLaZAn2uFLG&so=i&pg=5&offset=14&total=122&so_medium=Internal&so_source=JobSearch&q=html&r=true
Senior Product/ UX Designer,LeadIQ,https://stackoverflow.com/jobs/422621/senior-product-ux-designer-leadiq?a=2hJvp1aTKBRm&so=i&pg=5&offset=15&total=122&so_medium=Internal&so_source=JobSearch&q=html&r=true
Fully remote Sr. Frontend Engineer (React) - Community.com,"Community.com
                        via
Source Coders",https://stackoverflow.com/jobs/463328/fully-remote-sr-frontend-engineer-react-communitycom?a=2vnVaLETNQTS&so=i&pg=5&offset=16&total=122&so_medium=Internal&so_source=JobSearch&q=html&r=true
Lead Security Engineer,Balena,https://stackoverflow.com/jobs/427691/lead-security-engineer-balena?a=2jqVr3Y0w0hy&so=i&pg=5&offset=17&total=122&so_medium=Internal&so_source=JobSearch&q=html&r=true
Lead Android Developer,"Community.com
                        via
Source Coders",https://stackoverflow.com/jobs/469778/lead-android-developer-communitycom?a=2xy2fcGQiNu8&so=i&pg=5&offset=18&total=122&so_medium=Internal&so_source=JobSearch&q=html&r=true
"Flutter Engineer, Mobile Banking Product, Fully Remote (North and South America)",Superformula,https://stackoverflow.com/jobs/200769/flutter-engineer-mobile-banking-product-fully-superformula?a=15kzcoeqIwVO&so=i&pg=5&offset=19&total=122&so_medium=Internal&so_source=JobSearch&q=html&r=true
"Technical Lead, Reliability Engineering",HubSpot,https://stackoverflow.com/jobs/448515/technical-lead-reliability-engineering-hubspot?a=2qpV1Y4Ay532&so=i&pg=5&offset=20&total=122&so_medium=Internal&so_source=JobSearch&q=html&r=true
Cloud Architect with Kubernetes and .Net Experience,MapLarge,https://stackoverflow.com/jobs/244362/cloud-architect-with-kubernetes-and-net-maplarge?a=1jWZtPjVknII&so=i&pg=5&offset=21&total=122&so_medium=Internal&so_source=JobSearch&q=html&r=true
HTML/CSS Specialist (Contract),"DockYard, Inc.",https://weworkremotely.com/company/dockyard-inc
Frontend Web Developer,Refurbed,https://remoteok.io/remote-jobs/100455-remote-frontend-web-developer-refurbed
Senior Software Developer,Shopify,https://remoteok.io/remote-jobs/100776-remote-senior-software-developer-shopify
HTML CSS Designer Developer,OperateBeyond,https://remoteok.io/remote-jobs/100826-remote-html-css-designer-developer-operatebeyond
Front End Developer,Flightradar24,https://remoteok.io/remote-jobs/100718-remote-front-end-developer-flightradar24
Senior Full Stack Developer,Aggregage,https://remoteok.io/remote-jobs/99849-remote-senior-full-stack-developer-aggregage
Senior Front End Developer,PolySwarm,https://remoteok.io/remote-jobs/99794-remote-senior-front-end-developer-polyswarm
Full Stack Developer,Weslink GmbH,https://remoteok.io/remote-jobs/99613-remote-full-stack-developer-weslink-gmbh
P T Full Stack Developer,MeetEdgar,https://remoteok.io/remote-jobs/99495-remote-p-t-full-stack-developer-meetedgar
Experienced Front End Web Developer,OneCare Media,https://remoteok.io/remote-jobs/99352-remote-experienced-front-end-web-developer-onecare-media
Senior Front End Developer,Draftable,https://remoteok.io/remote-jobs/99155-remote-senior-front-end-developer-draftable
Wordpress Developer,MeridianThemes,https://remoteok.io/remote-jobs/97746-remote-wordpress-developer-meridianthemes
Senior Frontend Developer,Likvido,https://remoteok.io/remote-jobs/85720-remote-senior-frontend-developer-likvido
Javascript html5 canvas Charts Developer,Jigsaw Trading,https://remoteok.io/remote-jobs/85373-remote-javascript-html5-canvas-charts-developer-jigsaw-trading
Mid Weight Frontend Developer,ubio,https://remoteok.io/remote-jobs/84904-remote-mid-weight-frontend-developer-ubio
Full Stack Developer,Ko-fi,https://remoteok.io/remote-jobs/84488-remote-full-stack-developer-ko-fi
Senior Front End Developer for Likvido,Likvido,https://remoteok.io/remote-jobs/84432-remote-senior-front-end-developer-for-likvido-likvido
Web UI Engineer,Brainscape,https://remoteok.io/remote-jobs/84045-remote-web-ui-engineer-brainscape
Software Developer,Frontify,https://remoteok.io/remote-jobs/83850-remote-software-developer-php-frontify
Back End Developer,Interconnect Technologies,https://remoteok.io/remote-jobs/83042-remote-back-end-developer-interconnect-technologies
Web Application Developer,Telmar,https://remoteok.io/remote-jobs/75941-remote-web-application-developer-telmar
React Developer,n3o Ltd,https://remoteok.io/remote-jobs/75628-remote-react-developer-n3o-ltd
Full Stack Developer,SilviaTerra,https://remoteok.io/remote-jobs/75473-remote-full-stack-developer-silviaterra
Full Stack Developer,ChangeX,https://remoteok.io/remote-jobs/74536-remote-full-stack-developer-changex
Full Stack .NET Html css js Developer,Likvido.com,https://remoteok.io/remote-jobs/74369-remote-full-stack-net-and-html-css-js-developer-junior-to-early-career-likvido-com
Front End Web Developer,Natural Resources Defense Council,https://remoteok.io/remote-jobs/73582-remote-front-end-web-developer-natural-resources-defense-council
Full Stack Developer,Mattermost,https://remoteok.io/remote-jobs/73118-remote-full-stack-developer-mattermost
Senior Frontend Developer,Volders GmbH,https://remoteok.io/remote-jobs/72026-remote-senior-frontend-developer-volders-gmbh
Front End Developer,Carb Manager,https://remoteok.io/remote-jobs/71855-remote-front-end-developer-carb-manager
Front End JavaScript Developer with React Vue Angular,Soshace,https://remoteok.io/remote-jobs/71563-remote-front-end-javascript-developer-with-react-vue-or-angular-soshace
Front End Developer,Saagie,https://remoteok.io/remote-jobs/71488-remote-front-end-developer-saagie
Front End Software Engineer $30k year Work,Crossover,https://remoteok.io/remote-jobs/70663-remote-front-end-software-engineer-30k-year-remote-work-crossover
Ambitious React Native Developer Build Creative Disruptive Startups,Creatella,https://remoteok.io/remote-jobs/70067-remote-ambitious-react-native-developer-to-build-creative-and-disruptive-startups-creatella
Front End Software Engineer,Crossover,https://remoteok.io/remote-jobs/70061-remote-front-end-software-engineer-30k-year-crossover
Software Engineer Web,Numbrs Personal Finance AG,https://remoteok.io/remote-jobs/68602-remote-software-engineer-web-remote-numbrs-personal-finance-ag
Progressive Web App Developer,Pitch Investors Live,https://remoteok.io/remote-jobs/67297-remote-progressive-web-app-developer-pitch-investors-live
Freelance Frontend Developer,Forward Action,https://remoteok.io/remote-jobs/66672-remote-freelance-frontend-developer-forward-action
Front End Developer,KeyCDN,https://remoteok.io/remote-jobs/66530-remote-front-end-developer-remote-keycdn
Front End Developer react Rails,Aha!,https://remoteok.io/remote-jobs/65489-remote-front-end-developer-react-and-rails-aha
Backbone marionette Developer,ACS Cloud Partners,https://remoteok.io/remote-jobs/64999-remote-backbone-marionette-developer-acs-cloud-partners
Front End javascript Developer,Nimbl3,https://remoteok.io/remote-jobs/63570-remote-front-end-javascript-developer-nimbl3
Website Developer,Sematext,https://remoteok.io/remote-jobs/63399-remote-website-developer-sematext
Senior Ruby on Rails Developer,N2 Publishing,https://remoteok.io/remote-jobs/63233-remote-senior-ruby-on-rails-developer-n2-publishing
Wordpress php Developer,X-Team,https://remoteok.io/remote-jobs/62434-remote-wordpress-php-developer-x-team
Senior Python Developer,SmileDirectClub,https://remoteok.io/remote-jobs/61808-remote-senior-python-developer-smiledirectclub
UI Developer,www.JoinPiggy.com,https://remoteok.io/remote-jobs/60810-remote-ui-developer-remote-www-joinpiggy-com
UX Frontend Developer,seats.io,https://remoteok.io/remote-jobs/60736-remote-ux-frontend-developer-seats-io
Ruby On Rails Developer,N2 Publishing,https://remoteok.io/remote-jobs/60466-remote-ruby-on-rails-developer-n2-publishing
Lead Developer,Classuite,https://remoteok.io/remote-jobs/18755-remote-lead-developer-classuite
Html5 Developer,Only PSD 2 HTML,https://remoteok.io/remote-jobs/18620-remote-html5-developer-only-psd-2-html
PHP Developer,Distant Job,https://remoteok.io/remote-jobs/17829-remote-php-developer-distant-job
Full Stack Developer,KeyCDN,https://remoteok.io/remote-jobs/17340-remote-full-stack-developer-keycdn
Front End Developer,Task4IT Dev,https://remoteok.io/remote-jobs/16844-remote-front-end-developer-task4it-dev
Senior Full Stack Developer,Sentinel Alert,https://remoteok.io/remote-jobs/16324-remote-senior-full-stack-developer-sentinel-alert
Front End Developer,Webing,https://remoteok.io/remote-jobs/15543-remote-front-end-developer-webing
Angular Developer Trainee,Biwa,https://remoteok.io/remote-jobs/15478-remote-angular-developer-trainee-biwa
Shopify Theme Developer,RFD,https://remoteok.io/remote-jobs/15066-remote-shopify-theme-developer-rfd
Full Stack Developer,CyberPsyc,https://remoteok.io/remote-jobs/14527-remote-full-stack-developer-cyberpsyc
Front End Developer,Vefstofan,https://remoteok.io/remote-jobs/14449-remote-front-end-developer-vefstofan
Front End Developer Esports Startup,Repable,https://remoteok.io/remote-jobs/12576-remote-front-end-developer-esports-startup-repable
Sharepoint Developer,TeleAssistants,https://remoteok.io/remote-jobs/12457-remote-sharepoint-developer-teleassistants
Web Front End Developer,MMW,https://remoteok.io/remote-jobs/12259-remote-web-front-end-developer-mmw
Front End Developer Website Optimizer,Kaizen Platform,https://remoteok.io/remote-jobs/12184-remote-front-end-developer-website-optimizer-kaizen-platform
Elearning Developer,TeleAssistants,https://remoteok.io/remote-jobs/12106-remote-elearning-developer-teleassistants
Full Stack Clojure Developer,Functional Works,https://remoteok.io/remote-jobs/11359-remote-full-stack-clojure-developer-functional-works
PHP Developer,Hacker Leads Team,https://remoteok.io/remote-jobs/11262-remote-php-developer-hacker-leads-team
Front End Web App Developer,MedicSana,https://remoteok.io/remote-jobs/11218-remote-front-end-web-app-developer-medicsana
PHP Freelance Developer,Hacker Leads,https://remoteok.io/remote-jobs/11135-remote-php-freelance-developer-hacker-leads
PHP Freelance Developer,Hacker Leads,https://remoteok.io/remote-jobs/11030-remote-php-freelance-developer-hacker-leads
Data Driven Designer Developer,22 Words,https://remoteok.io/remote-jobs/10785-remote-data-driven-designer-developer-22-words
PHP Freelance Developer,Hacker Leads,https://remoteok.io/remote-jobs/10706-remote-php-freelance-developer-hacker-leads
Full Stack PHP JS Developer,Nomad List,https://remoteok.io/remote-jobs/10515-remote-full-stack-php-js-developer-nomad-list
Javascript Developer,PBXDom,https://remoteok.io/remote-jobs/10514-remote-javascript-developer-pbxdom
Code Challenge Reviewer 100% £50 Per Hour Java JavaScript PHP Python C# Ruby CSS HTML SQL Scala iOS Android,Geektastic,https://remoteok.io/remote-jobs/76263-remote-code-challenge-reviewer-100-50-per-hour-java-javascript-php-python-c-ruby-css-html-sql-scala-ios-android-geektastic
HTML CSS Developer,PeopleDoc,https://remoteok.io/remote-jobs/62518-remote-html-css-developer-peopledoc
Frontend HTML CSS Developer Needed,hoosgood,https://remoteok.io/remote-jobs/62046-remote-frontend-html-css-developer-needed-hoosgood
Full Stack Python Developer,Hotjar,https://remoteok.io/remote-jobs/19169-remote-full-stack-python-developer-hotjar
UX CSS HTML Designer Coder,Clear Function,https://remoteok.io/remote-jobs/16685-remote-ux-css-html-designer-coder-clear-function
'get It Done' HTML CSS PHP Wordpress Developer,Sanborn Media Factory,https://remoteok.io/remote-jobs/15949-remote-get-it-done-html-css-php-wordpress-developer-sanborn-media-factory
'get It Done' HTML CSS PHP Developer,Sanborn Media Factory,https://remoteok.io/remote-jobs/15950-remote-get-it-done-html-css-php-developer-sanborn-media-factory
Front End HTML CSS PHP Developer,Sanborn Media Factory,https://remoteok.io/remote-jobs/15975-remote-front-end-html-css-php-developer-sanborn-media-factory
Front End Specialist HTML CSS PHP Developer,Sanborn Media Factory,https://remoteok.io/remote-jobs/16090-remote-front-end-specialist-html-css-php-developer-sanborn-media-factory
Ground Up Wordpress Specialist HTML CSS PHP Developer,Sanborn Media Factory,https://remoteok.io/remote-jobs/16292-remote-ground-up-wordpress-specialist-html-css-php-developer-sanborn-media-factory
Frontend HTML CSS JS Developer,Elucidat,https://remoteok.io/remote-jobs/14427-remote-frontend-html-css-js-developer-elucidat
Software Entwickler Java EE HTML,Agfa HealthCare,https://remoteok.io/remote-jobs/13719-remote-software-entwickler-java-ee-html-agfa-healthcare
Front End Web Developer,Advanced Web Works,https://remoteok.io/remote-jobs/10308-remote-front-end-web-developer-advanced-web-works
Experienced Frontend Developer,Revenviews,https://remoteok.io/remote-jobs/10195-remote-experienced-frontend-developer-revenviews
Frontend Developer,AddStructure,https://remoteok.io/remote-jobs/10179-remote-frontend-developer-addstructure
Front End Web Developer,The Hero Co,https://remoteok.io/remote-jobs/10109-remote-front-end-web-developer-the-hero-co
Front End Developer,Spin Systems,https://remoteok.io/remote-jobs/10048-remote-front-end-developer-spin-systems
Entry Level Junior UI Developer,Top of Mind Networks,https://remoteok.io/remote-jobs/9816-remote-entry-level-junior-ui-developer-top-of-mind-networks
Full Stack Developer,VOSTROM,https://remoteok.io/remote-jobs/9798-remote-full-stack-developer-vostrom
Web Application Developer,Highland Solutions,https://remoteok.io/remote-jobs/9762-remote-web-application-developer-highland-solutions
Front End Designer Developer,Ice.com,https://remoteok.io/remote-jobs/9729-remote-front-end-designer-developer-ice-com
C# Angular Developer,TenX Logic,https://remoteok.io/remote-jobs/9677-remote-c-angular-developer-tenx-logic
Front End Developer Convert Psds HTML,BlueSwitch,https://remoteok.io/remote-jobs/9612-remote-front-end-developer-convert-psds-html-blueswitch
Javascript Meteor Developer,Syntody,https://remoteok.io/remote-jobs/9304-remote-javascript-meteor-developer-syntody
Lead Developer Bitcoin Casino,CloudRoll,https://remoteok.io/remote-jobs/9314-remote-lead-developer-bitcoin-casino-cloudroll
PHP JS Html5 Bitcoin Gambling Developer,CloudRoll,https://remoteok.io/remote-jobs/9199-remote-php-js-html5-bitcoin-gambling-developer-cloudroll
Meteor Developer,3ions,https://remoteok.io/remote-jobs/9095-remote-meteor-developer-3ions
Flash Html5 Banner Developer,Intersect Digital,https://remoteok.io/remote-jobs/9302-remote-flash-html5-banner-developer-intersect-digital
Flash Html5 Developer,Intersect Digital,https://remoteok.io/remote-jobs/9052-remote-flash-html5-developer-intersect-digital
Senior Ruby Python Java Developers,Simply Business,https://remoteok.io/remote-jobs/9019-remote-senior-ruby-python-java-developers-simply-business
Sugarcrm PHP Developer,SkyLink Software,https://remoteok.io/remote-jobs/9012-remote-sugarcrm-php-developer-skylink-software
Frontend Developer,HLK,https://remoteok.io/remote-jobs/8877-remote-frontend-developer-hlk
Web Mobile Angular Developer MD,Primotus Division CargoTel,https://remoteok.io/remote-jobs/8673-remote-web-mobile-angular-developer-md-primotus-division-cargotel
Angular Web Developer; Mobile A Plus,Primotus Division CargoTel,https://remoteok.io/remote-jobs/8679-remote-angular-web-developer-mobile-a-plus-primotus-division-cargotel
Web Mobile Developer; Angular,Primotus Division CargoTel,https://remoteok.io/remote-jobs/8715-remote-web-mobile-developer-angular-primotus-division-cargotel
Software Developer,TeamSupport,https://remoteok.io/remote-jobs/8643-remote-software-developer-teamsupport
Senior Software Engineer,Retail Benefits,https://remoteok.io/remote-jobs/8603-remote-senior-software-engineer-retail-benefits
PHP Html5 Developer,Summit,https://remoteok.io/remote-jobs/8549-remote-php-html5-developer-summit
Startup Looking for Meteor Developer,GemShelf,https://remoteok.io/remote-jobs/8510-remote-startup-looking-for-meteor-developer-gemshelf
Full Stack Software Developer,Gubagoo,https://remoteok.io/remote-jobs/8483-remote-full-stack-software-developer-gubagoo
Software Test Eventual Developer for Complex Meteor E Commerce Project,White Rabbit Japan,https://remoteok.io/remote-jobs/8322-remote-software-test-eventual-developer-for-complex-meteor-e-commerce-project-white-rabbit-japan
Software Developer,ATS Applied Tech Systems,https://remoteok.io/remote-jobs/8237-remote-software-developer-ats-applied-tech-systems
PHP JS Developer,Project Ricochet,https://remoteok.io/remote-jobs/8158-remote-php-js-developer-project-ricochet
Android Developer,Varsity Tutors,https://remoteok.io/remote-jobs/7408-remote-android-developer-varsity-tutors
User Interface Developer,VOSTROM,https://remoteok.io/remote-jobs/7196-remote-user-interface-developer-vostrom
